{
  "best_model": "LogisticRegression",
  "metrics": {
    "accuracy": 0.7175301632363378,
    "precision": 0.36779324055666,
    "recall": 0.6981132075471698,
    "f1": 0.4817708333333333,
    "roc_auc": 0.7735981000131942
  },
  "n_train": 5634,
  "n_test": 1409,
  "n_features": 55
}